{"cameraMode":{"drawMode":0,"name":"Shaded","section":"Shading Mode"},"sceneLighting":false,"audioPlay":false,"sceneViewState":{"showFog":true,"showMaterialUpdate":false,"showSkybox":true,"showFlares":true,"showImageEffects":true,"showParticleSystems":true},"in2DMode":false,"pivot":{"x":6.599999904632568,"y":3.6599998474121095,"z":-2.390000343322754},"rotation":{"x":0.2046847939491272,"y":-0.6781269907951355,"z":0.20554891228675843,"w":0.6752759218215942},"size":14.289420127868653,"orthographic":false}