{"cameraMode":{"drawMode":0,"name":"Shaded","section":"Shading Mode"},"sceneLighting":false,"audioPlay":false,"sceneViewState":{"showFog":true,"showMaterialUpdate":false,"showSkybox":true,"showFlares":true,"showImageEffects":true,"showParticleSystems":true},"in2DMode":false,"pivot":{"x":-6.137395858764648,"y":18.75362777709961,"z":-0.00156402587890625},"rotation":{"x":0.31145599484443667,"y":0.045589860528707507,"z":-0.014961482025682927,"w":0.9490485191345215},"size":191.8903350830078,"orthographic":false}